id,emp,dept,issue,priority,status,created
1,Vijji,IT,Laptop Slow,P3,Closed,2026-04-28T13:12:59.980065
2,Naveen,IT,Password Reset,P4,Resolved,2026-04-28T13:13:22.602460
3,Vital,IT,Laptop Slow,P3,Open,2020-01-28T00:00:00.666241
4,Susee,IT,Laptop Slow,P3,Open,2026-04-28T13:35:24.865759
5,Susee,IT,Laptop Slow,P3,Open,2026-04-28T13:35:38.213712
6,Susee,IT,Laptop Slow,P3,Open,2026-04-28T13:35:56.804016
7,Susee,IT,Laptop slow,P4,Open,2026-04-28T13:36:06.387705
8,Susee,IR,Laptop Slow,P3,Open,2026-04-28T13:36:42.735246
9,Nandhini,IT,Laptop Slow,P3,Open,2026-04-28T13:44:18.498908
